Workbook
Name ñ617: '[1]Anexo C'!#REF!
Name OLE_LINK1_2: #REF!

Sheet CLUB 738. RELACION SOCIOS 31 DI
A1: No. REGISTRO DEL CLUB | B1: DOMICILIO DEL CLUB | C1: NOMBRE DEL SOCIO (No. CREDENCIAL) | D1: CURP | E1: No. CONSEC. DE SOCIO | F1: DOMICILIO DEL SOCIO | G1: TELEFONO | H1: EMAIL | I1: CLASE | J1: CALIBRE | K1: MARCA | L1: MODELO | M1: MATRÍCULA | N1: FOLIO | O1: ARMAS CORTAS | P1: ARMAS LARGAS | Q1: fecha_de ingreso
A2: 738 | B2: CALLE 50 No. 531-E x 69 y 71, CENTRO, 97000 MÉRIDA, YUC. | C2: 1. RICARDO JESÚS FERNÁNDEZ Y GASQUE | D2: FEGR350218HYNRSC04 | E2: 1 | F2: CALLE 44 No. 438 x 21 y 23 FRACC. LOS PINOS, MÉRIDA, YUC. CP 97138 | G2: 9999470480 | H2: richfegas@icloud.com | I2: PISTOLA | J2: .380" | K2: CESKA ZBROJOVKA | L2: CZ SHADOW 2 | M2: EP33315 | N2: A3840705 | O2: 1 | P2: 0 | Q2: =_xlfn.XLOOKUP(H2, 'Anexo A'!$E$1:$E$77, 'Anexo A'!$I$1:$I$77, "", 0) -> 39288
A3: 738 | B3: CALLE 50 No. 531-E x 69 y 71, CENTRO, 97000 MÉRIDA, YUC. | C3: 1. RICARDO JESÚS FERNÁNDEZ Y GASQUE | D3: FEGR350218HYNRSC04 | E3: 1 | F3: CALLE 44 No. 438 x 21 y 23 FRACC. LOS PINOS, MÉRIDA, YUC. CP 97138 | G3: 9999470480 | H3: richfegas@icloud.com | I3: PISTOLA | J3: .380" | K3: CESKA ZBROJOVKA | L3: CZ SHADOW 2 | M3: FP38774 | N3: A3892685 | O3: 1 | P3: 0 | Q3: =_xlfn.XLOOKUP(H3, 'Anexo A'!$E$1:$E$77, 'Anexo A'!$I$1:$I$77, "", 0) -> 39288
A4: 738 | B4: CALLE 50 No. 531-E x 69 y 71, CENTRO, 97000 MÉRIDA, YUC. | C4: 1. RICARDO JESÚS FERNÁNDEZ Y GASQUE | D4: FEGR350218HYNRSC04 | E4: 1 | F4: CALLE 44 No. 438 x 21 y 23 FRACC. LOS PINOS, MÉRIDA, YUC. CP 97138 | G4: 9999470480 | H4: richfegas@icloud.com | I4: KIT DE CONVERSION | J4: 22 LR | K4: CESKA ZBROJOVKA | L4: CZ P07 | M4: EP33673 | N4: A3860035 | O4: 1 | P4: 0 | Q4: =_xlfn.XLOOKUP(H4, 'Anexo A'!$E$1:$E$77, 'Anexo A'!$I$1:$I$77, "", 0) -> 39288
A5: 738 | B5: CALLE 50 No. 531-E x 69 y 71, CENTRO, 97000 MÉRIDA, YUC. | C5: 1. RICARDO JESÚS FERNÁNDEZ Y GASQUE | D5: FEGR350218HYNRSC04 | E5: 1 | F5: CALLE 44 No. 438 x 21 y 23 FRACC. LOS PINOS, MÉRIDA, YUC. CP 97138 | G5: 9999470480 | H5: richfegas@icloud.com | I5: RIFLE SEMIAUTOMATICO | J5: .22" L.R. | K5: TIPPMANN-ARMS | L5: M4-22 | M5: 069654 | N5: A3860045 | O5: 0 | P5: 1 | Q5: =_xlfn.XLOOKUP(H5, 'Anexo A'!$E$1:$E$77, 'Anexo A'!$I$1:$I$77, "", 0) -> 39288
A6: 738 | B6: CALLE 50 No. 531-E x 69 y 71, CENTRO, 97000 MÉRIDA, YUC. | C6: 30. JOSE JACINTO LIZARRAGA AVILA | D6: LIZJ750609HYNZVC08 | E6: 2 | F6: CALLE 25 x 22 y 24 No. 319, COL. SAN PEDRO CHOLUL, MÉRIDA, YUC. CP 97138 | G6: 9991336764 | H6: jacintolizarraga@hotmail.com | I6: PISTOLA | J6: 0.380" | K6: WALTHER | L6: PPKS | M6: 238677 | N6: A 3061194 | O6: 1 | P6: 0 | Q6: =_xlfn.XLOOKUP(H6, 'Anexo A'!$E$1:$E$77, 'Anexo A'!$I$1:$I$77, "", 0) -> 44470
A7: 738 | B7: CALLE 50 No. 531-E x 69 y 71, CENTRO, 97000 MÉRIDA, YUC. | C7: 30. JOSE JACINTO LIZARRAGA AVILA | D7: LIZJ750609HYNZVC08 | E7: 2 | F7: CALLE 25 x 22 y 24 No. 319, COL. SAN PEDRO CHOLUL, MÉRIDA, YUC. CP 97138 | G7: 9991336764 | H7: jacintolizarraga@hotmail.com | I7: PISTOLA | J7: 0.22" | K7: SMITH & WESSON | L7: 41 | M7: 41605 | N7: A 3061195 | O7: 1 | P7: 0 | Q7: =_xlfn.XLOOKUP(H7, 'Anexo A'!$E$1:$E$77, 'Anexo A'!$I$1:$I$77, "", 0) -> 44470
A8: 738 | B8: CALLE 50 No. 531-E x 69 y 71, CENTRO, 97000 MÉRIDA, YUC. | C8: 30. JOSE JACINTO LIZARRAGA AVILA | D8: LIZJ750609HYNZVC08 | E8: 2 | F8: CALLE 25 x 22 y 24 No. 319, COL. SAN PEDRO CHOLUL, MÉRIDA, YUC. CP 97138 | G8: 9991336764 | H8: jacintolizarraga@hotmail.com | I8: PISTOLA | J8: 0-380" | K8: GLOCK | L8: 25 | M8: MXF795 | N8: B 404935 | O8: 1 | P8: 0 | Q8: =_xlfn.XLOOKUP(H8, 'Anexo A'!$E$1:$E$77, 'Anexo A'!$I$1:$I$77, "", 0) -> 44470
A9: 738 | B9: CALLE 50 No. 531-E x 69 y 71, CENTRO, 97000 MÉRIDA, YUC. | C9: 30. JOSE JACINTO LIZARRAGA AVILA | D9: LIZJ750609HYNZVC08 | E9: 2 | F9: CALLE 25 x 22 y 24 No. 319, COL. SAN PEDRO CHOLUL, MÉRIDA, YUC. CP 97138 | G9: 9991336764 | H9: jacintolizarraga@hotmail.com | I9: RIFLE | J9: 0.22" L.R. | K9: WALTHER | L9: G22 | M9: WP016316 | N9: B 405098 | O9: 0 | P9: 1 | Q9: =_xlfn.XLOOKUP(H9, 'Anexo A'!$E$1:$E$77, 'Anexo A'!$I$1:$I$77, "", 0) -> 44470
A10: 738 | B10: CALLE 50 No. 531-E x 69 y 71, CENTRO, 97000 MÉRIDA, YUC. | C10: 30. JOSE JACINTO LIZARRAGA AVILA | D10: LIZJ750609HYNZVC08 | E10: 2 | F10: CALLE 25 x 22 y 24 No. 319, COL. SAN PEDRO CHOLUL, MÉRIDA, YUC. CP 97138 | G10: 9991336764 | H10: jacintolizarraga@hotmail.com | I10: RIFLE | J10: 0.22" | K10: SPRINGFIELD | L10: OF 1922 | M10: 2683B | N10: A 3061197 | O10: 0 | P10: 1 | Q10: =_xlfn.XLOOKUP(H10, 'Anexo A'!$E$1:$E$77, 'Anexo A'!$I$1:$I$77, "", 0) -> 44470
A11: 738 | B11: CALLE 50 No. 531-E x 69 y 71, CENTRO, 97000 MÉRIDA, YUC. | C11: 31. ADOLFO XACUR RIVERA | D11: XARA661008HYNCVD08 | E11: 3 | F11: Calle 36-B No. 285 x 33 y 35 COL. BENITO JUÁREZ, MÉRIDA, YUC. CP 97119 | G11: 9992442613 | H11: fit.x66@hotmail.com | I11: PISTOLA | J11: 0.380" | K11: GLOCK | L11: 25 | M11: LME199 | N11: A 2673841 | O11: 1 | P11: 0 | Q11: =_xlfn.XLOOKUP(H11, 'Anexo A'!$E$1:$E$77, 'Anexo A'!$I$1:$I$77, "", 0) -> 39822
A12: 738 | B12: CALLE 50 No. 531-E x 69 y 71, CENTRO, 97000 MÉRIDA, YUC. | C12: 31. ADOLFO XACUR RIVERA | D12: XARA661008HYNCVD08 | E12: 3 | F12: Calle 36-B No. 285 x 33 y 35 COL. BENITO JUÁREZ, MÉRIDA, YUC. CP 97119 | G12: 9992442613 | H12: fit.x66@hotmail.com | I12: REVOLVER | J12: 38 SPL | K12: SMITH & WESSON | L12: 19-3 | M12: 7 K39813 | N12: A 2673978 | O12: 1 | P12: 0 | Q12: =_xlfn.XLOOKUP(H12, 'Anexo A'!$E$1:$E$77, 'Anexo A'!$I$1:$I$77, "", 0) -> 39822
A13: 738 | B13: CALLE 50 No. 531-E x 69 y 71, CENTRO, 97000 MÉRIDA, YUC. | C13: 31. ADOLFO XACUR RIVERA | D13: XARA661008HYNCVD08 | E13: 3 | F13: Calle 36-B No. 285 x 33 y 35 COL. BENITO JUÁREZ, MÉRIDA, YUC. CP 97119 | G13: 9992442613 | H13: fit.x66@hotmail.com | I13: RIFLE | J13: 0.22" L.R. | K13: HECKLER & KOCH | L13: HK 416 D | M13: HK006418 | N13: F 198308 | O13: 0 | P13: 1 | Q13: =_xlfn.XLOOKUP(H13, 'Anexo A'!$E$1:$E$77, 'Anexo A'!$I$1:$I$77, "", 0) -> 39822
A14: 738 | B14: CALLE 50 No. 531-E x 69 y 71, CENTRO, 97000 MÉRIDA, YUC. | C14: 31. ADOLFO XACUR RIVERA | D14: XARA661008HYNCVD08 | E14: 3 | F14: Calle 36-B No. 285 x 33 y 35 COL. BENITO JUÁREZ, MÉRIDA, YUC. CP 97119 | G14: 9992442613 | H14: fit.x66@hotmail.com | I14: PISTOLA | J14: 0.380" | K14: TAURUS | L14: PT 58 HC PLUS | M14: KDS62481 | N14: F 198309 | O14: 1 | P14: 0 | Q14: =_xlfn.XLOOKUP(H14, 'Anexo A'!$E$1:$E$77, 'Anexo A'!$I$1:$I$77, "", 0) -> 39822
A15: 738 | B15: CALLE 50 No. 531-E x 69 y 71, CENTRO, 97000 MÉRIDA, YUC. | C15: 31. ADOLFO XACUR RIVERA | D15: XARA661008HYNCVD08 | E15: 3 | F15: Calle 36-B No. 285 x 33 y 35 COL. BENITO JUÁREZ, MÉRIDA, YUC. CP 97119 | G15: 9992442613 | H15: fit.x66@hotmail.com | I15: ESCOPETA | J15: 12 | K15: MOSSBERG | L15: 500 | M15: T581059 | N15: B 307607 | O15: 0 | P15: 1 | Q15: =_xlfn.XLOOKUP(H15, 'Anexo A'!$E$1:$E$77, 'Anexo A'!$I$1:$I$77, "", 0) -> 39822
A16: 738 | B16: CALLE 50 No. 531-E x 69 y 71, CENTRO, 97000 MÉRIDA, YUC. | C16: 31. ADOLFO XACUR RIVERA | D16: XARA661008HYNCVD08 | E16: 3 | F16: Calle 36-B No. 285 x 33 y 35 COL. BENITO JUÁREZ, MÉRIDA, YUC. CP 97119 | G16: 9992442613 | H16: fit.x66@hotmail.com | I16: RIFLE | J16: 0.22" | K16: JC HIGGINS | L16: 30 | M16: 2552429 | N16: B 307650 | O16: 0 | P16: 1 | Q16: =_xlfn.XLOOKUP(H16, 'Anexo A'!$E$1:$E$77, 'Anexo A'!$I$1:$I$77, "", 0) -> 39822
A17: 738 | B17: CALLE 50 No. 531-E x 69 y 71, CENTRO, 97000 MÉRIDA, YUC. | C17: 31. ADOLFO XACUR RIVERA | D17: XARA661008HYNCVD08 | E17: 3 | F17: Calle 36-B No. 285 x 33 y 35 COL. BENITO JUÁREZ, MÉRIDA, YUC. CP 97119 | G17: 9992442613 | H17: fit.x66@hotmail.com | I17: RIFLE | J17: 30 06 | K17: WINCHESTER | L17: SAKO | M17: AV597290 | N17: B 371435 | O17: 0 | P17: 1 | Q17: =_xlfn.XLOOKUP(H17, 'Anexo A'!$E$1:$E$77, 'Anexo A'!$I$1:$I$77, "", 0) -> 39822
A18: 738 | B18: CALLE 50 No. 531-E x 69 y 71, CENTRO, 97000 MÉRIDA, YUC. | C18: 31. ADOLFO XACUR RIVERA | D18: XARA661008HYNCVD08 | E18: 3 | F18: Calle 36-B No. 285 x 33 y 35 COL. BENITO JUÁREZ, MÉRIDA, YUC. CP 97119 | G18: 9992442613 | H18: fit.x66@hotmail.com | I18: REVOLVER | J18: 0.22" | K18: COLT'S | L18: SIN | M18: 23953K | N18: A 3420104 | O18: 1 | P18: 0 | Q18: =_xlfn.XLOOKUP(H18, 'Anexo A'!$E$1:$E$77, 'Anexo A'!$I$1:$I$77, "", 0) -> 39822
A19: 738 | B19: CALLE 50 No. 531-E x 69 y 71, CENTRO, 97000 MÉRIDA, YUC. | C19: 46. REMIGIO BEETHOVEN AGUILAR CANTO | D19: AUCR770225HYNGNM08 | E19: 4 | F19: 20 No. 50 x 5 y 7, COL. MÉXICO, MÉRIDA, YUC. CP 97128 | G19: 9999238686 | H19: sysaventas@hotmail.com | I19: RIFLE | J19: 0.220" SWIFT | K19: WINCHESTER | L19: 70 | M19: 138092 | N19: A 3502535 | O19: 0 | P19: 1 | Q19: =_xlfn.XLOOKUP(H19, 'Anexo A'!$E$1:$E$77, 'Anexo A'!$I$1:$I$77, "", 0) -> 44379
A20: 738 | B20: CALLE 50 No. 531-E x 69 y 71, CENTRO, 97000 MÉRIDA, YUC. | C20: 46. REMIGIO BEETHOVEN AGUILAR CANTO | D20: AUCR770225HYNGNM08 | E20: 4 | F20: 20 No. 50 x 5 y 7, COL. MÉXICO, MÉRIDA, YUC. CP 97128 | G20: 9999238686 | H20: sysaventas@hotmail.com | I20: ESCOPETA | J20: 12 | K20: BROWNING | L20: DUCKS UNLIMITED | M20: 89 DU 002435 | N20: A 2673993 | O20: 0 | P20: 1 | Q20: =_xlfn.XLOOKUP(H20, 'Anexo A'!$E$1:$E$77, 'Anexo A'!$I$1:$I$77, "", 0) -> 44379
A21: 738 | B21: CALLE 50 No. 531-E x 69 y 71, CENTRO, 97000 MÉRIDA, YUC. | C21: 46. REMIGIO BEETHOVEN AGUILAR CANTO | D21: AUCR770225HYNGNM08 | E21: 4 | F21: 20 No. 50 x 5 y 7, COL. MÉXICO, MÉRIDA, YUC. CP 97128 | G21: 9999238686 | H21: sysaventas@hotmail.com | I21: RIFLE | J21: .257" ROBERTS | K21: STEYRS | L21: 1950 | M21: 6274 | N21: B 462699 | O21: 0 | P21: 1 | Q21: =_xlfn.XLOOKUP(H21, 'Anexo A'!$E$1:$E$77, 'Anexo A'!$I$1:$I$77, "", 0) -> 44379
A22: 738 | B22: CALLE 50 No. 531-E x 69 y 71, CENTRO, 97000 MÉRIDA, YUC. | C22: 46. REMIGIO BEETHOVEN AGUILAR CANTO | D22: AUCR770225HYNGNM08 | E22: 4 | F22: 20 No. 50 x 5 y 7, COL. MÉXICO, MÉRIDA, YUC. CP 97128 | G22: 9999238686 | H22: sysaventas@hotmail.com | I22: ESCOPETA | J22: 20 GA | K22: BROWNING | L22: B-80 | M22: 471NZ11158 | N22: B 488347 | O22: 0 | P22: 1 | Q22: =_xlfn.XLOOKUP(H22, 'Anexo A'!$E$1:$E$77, 'Anexo A'!$I$1:$I$77, "", 0) -> 44379
A23: 738 | B23: CALLE 50 No. 531-E x 69 y 71, CENTRO, 97000 MÉRIDA, YUC. | C23: 46. REMIGIO BEETHOVEN AGUILAR CANTO | D23: AUCR770225HYNGNM08 | E23: 4 | F23: 20 No. 50 x 5 y 7, COL. MÉXICO, MÉRIDA, YUC. CP 97128 | G23: 9999238686 | H23: sysaventas@hotmail.com | I23: RIFLE | J23: 0.22" HORNET | K23: KIMBER | L23: 82 | M23: H1103 | N23: B 485374 | O23: 0 | P23: 1 | Q23: =_xlfn.XLOOKUP(H23, 'Anexo A'!$E$1:$E$77, 'Anexo A'!$I$1:$I$77, "", 0) -> 44379
A24: 738 | B24: CALLE 50 No. 531-E x 69 y 71, CENTRO, 97000 MÉRIDA, YUC. | C24: 46. REMIGIO BEETHOVEN AGUILAR CANTO | D24: AUCR770225HYNGNM08 | E24: 4 | F24: 20 No. 50 x 5 y 7, COL. MÉXICO, MÉRIDA, YUC. CP 97128 | G24: 9999238686 | H24: sysaventas@hotmail.com | I24: RIFLE | J24: 0.300" WBY. MAG | K24: BANSNERs | L24: X-TREME SHEEP HUNTER | M24: S6514282 | N24: B 405163 | O24: 0 | P24: 1 | Q24: =_xlfn.XLOOKUP(H24, 'Anexo A'!$E$1:$E$77, 'Anexo A'!$I$1:$I$77, "", 0) -> 44379
A25: 738 | B25: CALLE 50 No. 531-E x 69 y 71, CENTRO, 97000 MÉRIDA, YUC. | C25: 46. REMIGIO BEETHOVEN AGUILAR CANTO | D25: AUCR770225HYNGNM08 | E25: 4 | F25: 20 No. 50 x 5 y 7, COL. MÉXICO, MÉRIDA, YUC. CP 97128 | G25: 9999238686 | H25: sysaventas@hotmail.com | I25: ESCOPETA | J25: 12 | K25: BROWNING | L25: CITORI | M25: 02886 NX1B3 | N25: A 2673992 | O25: 0 | P25: 1 | Q25: =_xlfn.XLOOKUP(H25, 'Anexo A'!$E$1:$E$77, 'Anexo A'!$I$1:$I$77, "", 0) -> 44379
A26: 738 | B26: CALLE 50 No. 531-E x 69 y 71, CENTRO, 97000 MÉRIDA, YUC. | C26: 46. REMIGIO BEETHOVEN AGUILAR CANTO | D26: AUCR770225HYNGNM08 | E26: 4 | F26: 20 No. 50 x 5 y 7, COL. MÉXICO, MÉRIDA, YUC. CP 97128 | G26: 9999238686 | H26: sysaventas@hotmail.com | I26: RIFLE | J26: 0.22" L.R. | K26: RUGER | L26: 19/22 | M26: C63-1970 | N26: A 3420314 | O26: 0 | P26: 1 | Q26: =_xlfn.XLOOKUP(H26, 'Anexo A'!$E$1:$E$77, 'Anexo A'!$I$1:$I$77, "", 0) -> 44379
A27: 738 | B27: CALLE 50 No. 531-E x 69 y 71, CENTRO, 97000 MÉRIDA, YUC. | C27: 46. REMIGIO BEETHOVEN AGUILAR CANTO | D27: AUCR770225HYNGNM08 | E27: 4 | F27: 20 No. 50 x 5 y 7, COL. MÉXICO, MÉRIDA, YUC. CP 97128 | G27: 9999238686 | H27: sysaventas@hotmail.com | I27: RIFLE | J27: 0.22" L.R. | K27: CZ | L27: 452 ZKM | M27: A357238 | N27: A 3420757 | O27: 0 | P27: 1 | Q27: =_xlfn.XLOOKUP(H27, 'Anexo A'!$E$1:$E$77, 'Anexo A'!$I$1:$I$77, "", 0) -> 44379
A28: 738 | B28: CALLE 50 No. 531-E x 69 y 71, CENTRO, 97000 MÉRIDA, YUC. | C28: 46. REMIGIO BEETHOVEN AGUILAR CANTO | D28: AUCR770225HYNGNM08 | E28: 4 | F28: 20 No. 50 x 5 y 7, COL. MÉXICO, MÉRIDA, YUC. CP 97128 | G28: 9999238686 | H28: sysaventas@hotmail.com | I28: RIFLE | J28: 0.300" REM. ULTRA. MAG./ CUENTA CON CAÑÓN ADIC. CREEDMOOR CAL. 6.5 mm MAT. R/163932 | K28: BLASER | L28: R8 | M28: R/125521 | N28: A 3421384 | O28: 0 | P28: 1 | Q28: =_xlfn.XLOOKUP(H28, 'Anexo A'!$E$1:$E$77, 'Anexo A'!$I$1:$I$77, "", 0) -> 44379
A29: 738 | B29: CALLE 50 No. 531-E x 69 y 71, CENTRO, 97000 MÉRIDA, YUC. | C29: 51. MANUEL JESÚS CHAIDEZ PALACIOS | D29: CAPM841222HSLHLN09 | E29: 5 | F29: DOMICILIO CONOCIDO ANEXO 3, CERCA DE LA COCINA, BECANCHEN, TEKAX, YUC. CP 97960 | G29: 9992771732 | H29: manuel.chaidez@valledelsur.com.mx | I29: ESCOPETA | J29: 12 GA | K29: REMINGTON | L29: 870 | M29: D 062012 M | N29: A 3061142 | O29: 0 | P29: 1 | Q29: =_xlfn.XLOOKUP(H29, 'Anexo A'!$E$1:$E$77, 'Anexo A'!$I$1:$I$77, "", 0) -> 40065
A30: 738 | B30: CALLE 50 No. 531-E x 69 y 71, CENTRO, 97000 MÉRIDA, YUC. | C30: 51. MANUEL JESÚS CHAIDEZ PALACIOS | D30: CAPM841222HSLHLN09 | E30: 5 | F30: DOMICILIO CONOCIDO ANEXO 3, CERCA DE LA COCINA, BECANCHEN, TEKAX, YUC. CP 97960 | G30: 9992771732 | H30: manuel.chaidez@valledelsur.com.mx | I30: ESCOPETA | J30: 20 GA | K30: BENELLI | L30: M2 | M30: N131954S | N30: A 3061160 | O30: 0 | P30: 1 | Q30: =_xlfn.XLOOKUP(H30, 'Anexo A'!$E$1:$E$77, 'Anexo A'!$I$1:$I$77, "", 0) -> 40065
A31: 738 | B31: CALLE 50 No. 531-E x 69 y 71, CENTRO, 97000 MÉRIDA, YUC. | C31: 51. MANUEL JESÚS CHAIDEZ PALACIOS | D31: CAPM841222HSLHLN09 | E31: 5 | F31: DOMICILIO CONOCIDO ANEXO 3, CERCA DE LA COCINA, BECANCHEN, TEKAX, YUC. CP 97960 | G31: 9992771732 | H31: manuel.chaidez@valledelsur.com.mx | I31: ESCOPETA | J31: 20 GA | K31: BENELLI | L31: M2 | M31: N131929A | N31: A 3421580 | O31: 0 | P31: 1 | Q31: =_xlfn.XLOOKUP(H31, 'Anexo A'!$E$1:$E$77, 'Anexo A'!$I$1:$I$77, "", 0) -> 40065
A32: 738 | B32: CALLE 50 No. 531-E x 69 y 71, CENTRO, 97000 MÉRIDA, YUC. | C32: 51. MANUEL JESÚS CHAIDEZ PALACIOS | D32: CAPM841222HSLHLN09 | E32: 5 | F32: DOMICILIO CONOCIDO ANEXO 3, CERCA DE LA COCINA, BECANCHEN, TEKAX, YUC. CP 97960 | G32: 9992771732 | H32: manuel.chaidez@valledelsur.com.mx | I32: ESCOPETA | J32: 12 GA | K32: STOEGER | L32: 2000 | M32: 629767 | N32: A 3061140 | O32: 0 | P32: 1 | Q32: =_xlfn.XLOOKUP(H32, 'Anexo A'!$E$1:$E$77, 'Anexo A'!$I$1:$I$77, "", 0) -> 40065
A33: 738 | B33: CALLE 50 No. 531-E x 69 y 71, CENTRO, 97000 MÉRIDA, YUC. | C33: 51. MANUEL JESÚS CHAIDEZ PALACIOS | D33: CAPM841222HSLHLN09 | E33: 5 | F33: DOMICILIO CONOCIDO ANEXO 3, CERCA DE LA COCINA, BECANCHEN, TEKAX, YUC. CP 97960 | G33: 9992771732 | H33: manuel.chaidez@valledelsur.com.mx | I33: ESCOPETA | J33: 12 GA | K33: STOEGER | L33: 2000 | M33: 627884 | N33: A 3061141 | O33: 0 | P33: 1 | Q33: =_xlfn.XLOOKUP(H33, 'Anexo A'!$E$1:$E$77, 'Anexo A'!$I$1:$I$77, "", 0) -> 40065
A34: 738 | B34: CALLE 50 No. 531-E x 69 y 71, CENTRO, 97000 MÉRIDA, YUC. | C34: 53. PAULINO EDILBERTO MONFORTE TRAVA | D34: MOTP610622HYNNRL09 | E34: 6 | F34: CALLE 33 No. 331 x 18 y 20 FRACC. PEDREGALES DE TANLUM, MÉRIDA, YUC. CP 97200 | G34: 9999810995 | H34: talleresmonforte@hotmail.com | I34: ESCOPETA | J34: 20 | K34: REMINGTON | L34: 870-LW | M34: T-903674-K | N34: B 171337 | O34: 0 | P34: 1 | Q34: =_xlfn.XLOOKUP(H34, 'Anexo A'!$E$1:$E$77, 'Anexo A'!$I$1:$I$77, "", 0) -> 40148
A35: 738 | B35: CALLE 50 No. 531-E x 69 y 71, CENTRO, 97000 MÉRIDA, YUC. | C35: 53. PAULINO EDILBERTO MONFORTE TRAVA | D35: MOTP610622HYNNRL09 | E35: 6 | F35: CALLE 33 No. 331 x 18 y 20 FRACC. PEDREGALES DE TANLUM, MÉRIDA, YUC. CP 97200 | G35: 9999810995 | H35: talleresmonforte@hotmail.com | I35: ESCOPETA | J35: 12 | K35: REMINGTON | L35: 1100 | M35: N 369521 V | N35: A 1955811 | O35: 0 | P35: 1 | Q35: =_xlfn.XLOOKUP(H35, 'Anexo A'!$E$1:$E$77, 'Anexo A'!$I$1:$I$77, "", 0) -> 40148
A36: 738 | B36: CALLE 50 No. 531-E x 69 y 71, CENTRO, 97000 MÉRIDA, YUC. | C36: 53. PAULINO EDILBERTO MONFORTE TRAVA | D36: MOTP610622HYNNRL09 | E36: 6 | F36: CALLE 33 No. 331 x 18 y 20 FRACC. PEDREGALES DE TANLUM, MÉRIDA, YUC. CP 97200 | G36: 9999810995 | H36: talleresmonforte@hotmail.com | I36: ESCOPETA | J36: 12 GA | K36: FABARM | L36: LION H368 | M36: FA036796 | N36: A 3287014 | O36: 0 | P36: 1 | Q36: =_xlfn.XLOOKUP(H36, 'Anexo A'!$E$1:$E$77, 'Anexo A'!$I$1:$I$77, "", 0) -> 40148
A37: 738 | B37: CALLE 50 No. 531-E x 69 y 71, CENTRO, 97000 MÉRIDA, YUC. | C37: 53. PAULINO EDILBERTO MONFORTE TRAVA | D37: MOTP610622HYNNRL09 | E37: 6 | F37: CALLE 33 No. 331 x 18 y 20 FRACC. PEDREGALES DE TANLUM, MÉRIDA, YUC. CP 97200 | G37: 9999810995 | H37: talleresmonforte@hotmail.com | I37: RIFLE | J37: 0.22" L.R. | K37: GLENFIELD | L37: 60 | M37: 25345906 | N37: A 3287016 | O37: 0 | P37: 1 | Q37: =_xlfn.XLOOKUP(H37, 'Anexo A'!$E$1:$E$77, 'Anexo A'!$I$1:$I$77, "", 0) -> 40148
A38: 738 | B38: CALLE 50 No. 531-E x 69 y 71, CENTRO, 97000 MÉRIDA, YUC. | C38: 53. PAULINO EDILBERTO MONFORTE TRAVA | D38: MOTP610622HYNNRL09 | E38: 6 | F38: CALLE 33 No. 331 x 18 y 20 FRACC. PEDREGALES DE TANLUM, MÉRIDA, YUC. CP 97200 | G38: 9999810995 | H38: talleresmonforte@hotmail.com | I38: ESCOPETA | J38: 12 GA | K38: BROWNING | L38: XS SPECIAL | M38: 06649ZZ | N38: B 295396 | O38: 0 | P38: 1 | Q38: =_xlfn.XLOOKUP(H38, 'Anexo A'!$E$1:$E$77, 'Anexo A'!$I$1:$I$77, "", 0) -> 40148
A39: 738 | B39: CALLE 50 No. 531-E x 69 y 71, CENTRO, 97000 MÉRIDA, YUC. | C39: 53. PAULINO EDILBERTO MONFORTE TRAVA | D39: MOTP610622HYNNRL09 | E39: 6 | F39: CALLE 33 No. 331 x 18 y 20 FRACC. PEDREGALES DE TANLUM, MÉRIDA, YUC. CP 97200 | G39: 9999810995 | H39: talleresmonforte@hotmail.com | I39: RIFLE | J39: 0.243" WIN | K39: SAVAGE | L39: AXIS | M39: K839383 | N39: F 296282 | O39: 0 | P39: 1 | Q39: =_xlfn.XLOOKUP(H39, 'Anexo A'!$E$1:$E$77, 'Anexo A'!$I$1:$I$77, "", 0) -> 40148
A40: 738 | B40: CALLE 50 No. 531-E x 69 y 71, CENTRO, 97000 MÉRIDA, YUC. | C40: 53. PAULINO EDILBERTO MONFORTE TRAVA | D40: MOTP610622HYNNRL09 | E40: 6 | F40: CALLE 33 No. 331 x 18 y 20 FRACC. PEDREGALES DE TANLUM, MÉRIDA, YUC. CP 97200 | G40: 9999810995 | H40: talleresmonforte@hotmail.com | I40: RIFLE | J40: 0.243" WIN | K40: REMINGTON | L40: 700 | M40: G7138010 | N40: A 3420203 | O40: 0 | P40: 1 | Q40: =_xlfn.XLOOKUP(H40, 'Anexo A'!$E$1:$E$77, 'Anexo A'!$I$1:$I$77, "", 0) -> 40148
A41: 738 | B41: CALLE 50 No. 531-E x 69 y 71, CENTRO, 97000 MÉRIDA, YUC. | C41: 70. RIGOMAR HINOJOSA SHIELDS | D41: HISR591125HCCNHG06 | E41: 7 | F41: AV. EUGENIO ECHEVERRÍA CASTELLOT No. 37 ENTRE 36 Y 38, COL. PLAYA NORTE, CD. DEL CARMEN, CAMP. CP 24115 | G41: 9381200721 | H41: recosadecv@prodigy.net.mx | I41: RIFLE | J41: .22" L.R. | K41: REMINGTON | L41: 597 | M41: A2628160 | N41: A 3770352 | O41: 0 | P41: 1 | Q41: =_xlfn.XLOOKUP(H41, 'Anexo A'!$E$1:$E$77, 'Anexo A'!$I$1:$I$77, "", 0) -> 40452
A42: 738 | B42: CALLE 50 No. 531-E x 69 y 71, CENTRO, 97000 MÉRIDA, YUC. | C42: 70. RIGOMAR HINOJOSA SHIELDS | D42: HISR591125HCCNHG06 | E42: 7 | F42: AV. EUGENIO ECHEVERRÍA CASTELLOT No. 37 ENTRE 36 Y 38, COL. PLAYA NORTE, CD. DEL CARMEN, CAMP. CP 24115 | G42: 9381200721 | H42: recosadecv@prodigy.net.mx | I42: PISTOLA | J42: .22" MAG. | K42: KEL-TEC | L42: PMR-30 | M42: WYHA35 | N42: A3816658 | O42: 1 | P42: 0 | Q42: =_xlfn.XLOOKUP(H42, 'Anexo A'!$E$1:$E$77, 'Anexo A'!$I$1:$I$77, "", 0) -> 40452
A43: 738 | B43: CALLE 50 No. 531-E x 69 y 71, CENTRO, 97000 MÉRIDA, YUC. | C43: 70. RIGOMAR HINOJOSA SHIELDS | D43: HISR591125HCCNHG06 | E43: 7 | F43: AV. EUGENIO ECHEVERRÍA CASTELLOT No. 37 ENTRE 36 Y 38, COL. PLAYA NORTE, CD. DEL CARMEN, CAMP. CP 24115 | G43: 9381200721 | H43: recosadecv@prodigy.net.mx | I43: RIFLE | J43: .22" L.R. | K43: CESKA ZBROJOVKA | L43: CZ452-2E ZKM | M43: A680692 | N43: A 3632985 | O43: 0 | P43: 1 | Q43: =_xlfn.XLOOKUP(H43, 'Anexo A'!$E$1:$E$77, 'Anexo A'!$I$1:$I$77, "", 0) -> 40452
A44: 738 | B44: CALLE 50 No. 531-E x 69 y 71, CENTRO, 97000 MÉRIDA, YUC. | C44: 70. RIGOMAR HINOJOSA SHIELDS | D44: HISR591125HCCNHG06 | E44: 7 | F44: AV. EUGENIO ECHEVERRÍA CASTELLOT No. 37 ENTRE 36 Y 38, COL. PLAYA NORTE, CD. DEL CARMEN, CAMP. CP 24115 | G44: 9381200721 | H44: recosadecv@prodigy.net.mx | I44: PISTOLA | J44: .22" L.R. | K44: WALTHER | L44: GSP EXPERT | M44: 247015 | N44: A 3632980 | O44: 1 | P44: 0 | Q44: =_xlfn.XLOOKUP(H44, 'Anexo A'!$E$1:$E$77, 'Anexo A'!$I$1:$I$77, "", 0) -> 40452
A45: 738 | B45: CALLE 50 No. 531-E x 69 y 71, CENTRO, 97000 MÉRIDA, YUC. | C45: 70. RIGOMAR HINOJOSA SHIELDS | D45: HISR591125HCCNHG06 | E45: 7 | F45: AV. EUGENIO ECHEVERRÍA CASTELLOT No. 37 ENTRE 36 Y 38, COL. PLAYA NORTE, CD. DEL CARMEN, CAMP. CP 24115 | G45: 9381200721 | H45: recosadecv@prodigy.net.mx | I45: PISTOLA | J45: .380" | K45: GLOCK | L45: 25 | M45: NRY223 | N45: A 3632959 | O45: 1 | P45: 0 | Q45: =_xlfn.XLOOKUP(H45, 'Anexo A'!$E$1:$E$77, 'Anexo A'!$I$1:$I$77, "", 0) -> 40452
A46: 738 | B46: CALLE 50 No. 531-E x 69 y 71, CENTRO, 97000 MÉRIDA, YUC. | C46: 70. RIGOMAR HINOJOSA SHIELDS | D46: HISR591125HCCNHG06 | E46: 7 | F46: AV. EUGENIO ECHEVERRÍA CASTELLOT No. 37 ENTRE 36 Y 38, COL. PLAYA NORTE, CD. DEL CARMEN, CAMP. CP 24115 | G46: 9381200721 | H46: recosadecv@prodigy.net.mx | I46: PISTOLA | J46: .22 L.R. | K46: BERETTA | L46: 92 | M46: L121148Z | N46: A 3615165 | O46: 1 | P46: 0 | Q46: =_xlfn.XLOOKUP(H46, 'Anexo A'!$E$1:$E$77, 'Anexo A'!$I$1:$I$77, "", 0) -> 40452
A47: 738 | B47: CALLE 50 No. 531-E x 69 y 71, CENTRO, 97000 MÉRIDA, YUC. | C47: 70. RIGOMAR HINOJOSA SHIELDS | D47: HISR591125HCCNHG06 | E47: 7 | F47: AV. EUGENIO ECHEVERRÍA CASTELLOT No. 37 ENTRE 36 Y 38, COL. PLAYA NORTE, CD. DEL CARMEN, CAMP. CP 24115 | G47: 9381200721 | H47: recosadecv@prodigy.net.mx | I47: PISTOLA | J47: 0.380" AUTO | K47: CESKA ZBROJOVKA | L47: CZ P 07 | M47: C343174 | N47: A 3634306 | O47: 1 | P47: 0 | Q47: =_xlfn.XLOOKUP(H47, 'Anexo A'!$E$1:$E$77, 'Anexo A'!$I$1:$I$77, "", 0) -> 40452
... A54: 738 | B54: CALLE 50 No. 531-E x 69 y 71, CENTRO, 97000 MÉRIDA, YUC. | C54: 74. JUAN CARLOS JORDAN LOPEZ | D54: JOLJ720624HYNRPN04 | E54: 8 | F54: CALLE 16-B No. 225 x 39-B y 39-F COL. SAN PEDRO CHOLUL, MÉRIDA, YUC. CP 97138 | G54: 9999258499 | H54: jordan910@hotmail.com | I54: RIFLE | J54: .243" WIN. | K54: REMINGTON | L54: 700 | M54: RR22710A | N54: A 3421651 | O54: 0 | P54: 1 | Q54: =_xlfn.XLOOKUP(H54, 'Anexo A'!$E$1:$E$77, 'Anexo A'!$I$1:$I$77, "", 0) -> 40631
A55: 738 | B55: CALLE 50 No. 531-E x 69 y 71, CENTRO, 97000 MÉRIDA, YUC. | C55: 87. JORGE ALFREDO DAWN MEDINA | D55: DAMJ690611HYNWDR03 | E55: 9 | F55: CALLE 47-C S/N x 2-A y 4 COL. LEANDRO VALLE DE CHICHI DÍAZ, MÉRIDA, YUC. CP 97143 | G55: 9999005153 | H55: jorgedawn@prodigy.net.mx | I55: ESCOPETA | J55: 12 | K55: BENELLI | L55: VINCI | M55: BG025907 | N55: D | O55: 0 | P55: 1 | Q55: =_xlfn.XLOOKUP(H55, 'Anexo A'!$E$1:$E$77, 'Anexo A'!$I$1:$I$77, "", 0) -> 44456
A56: 738 | B56: CALLE 50 No. 531-E x 69 y 71, CENTRO, 97000 MÉRIDA, YUC. | C56: 87. JORGE ALFREDO DAWN MEDINA | D56: DAMJ690611HYNWDR03 | E56: 9 | F56: CALLE 47-C S/N x 2-A y 4 COL. LEANDRO VALLE DE CHICHI DÍAZ, MÉRIDA, YUC. CP 97143 | G56: 9999005153 | H56: jorgedawn@prodigy.net.mx | I56: RIFLE | J56: 0.22" | K56: GLENFIELD | L56: 22 | M56: 20763084 | N56: A 3060919 | O56: 0 | P56: 1 | Q56: =_xlfn.XLOOKUP(H56, 'Anexo A'!$E$1:$E$77, 'Anexo A'!$I$1:$I$77, "", 0) -> 44456
A57: 738 | B57: CALLE 50 No. 531-E x 69 y 71, CENTRO, 97000 MÉRIDA, YUC. | C57: 87. JORGE ALFREDO DAWN MEDINA | D57: DAMJ690611HYNWDR03 | E57: 9 | F57: CALLE 47-C S/N x 2-A y 4 COL. LEANDRO VALLE DE CHICHI DÍAZ, MÉRIDA, YUC. CP 97143 | G57: 9999005153 | H57: jorgedawn@prodigy.net.mx | I57: RIFLE | J57: 0.243" | K57: REMINGTON | L57: 700 | M57: RR05700C | N57: B 439750 | O57: 0 | P57: 1 | Q57: =_xlfn.XLOOKUP(H57, 'Anexo A'!$E$1:$E$77, 'Anexo A'!$I$1:$I$77, "", 0) -> 44456
A58: 738 | B58: CALLE 50 No. 531-E x 69 y 71, CENTRO, 97000 MÉRIDA, YUC. | C58: 87. JORGE ALFREDO DAWN MEDINA | D58: DAMJ690611HYNWDR03 | E58: 9 | F58: CALLE 47-C S/N x 2-A y 4 COL. LEANDRO VALLE DE CHICHI DÍAZ, MÉRIDA, YUC. CP 97143 | G58: 9999005153 | H58: jorgedawn@prodigy.net.mx | I58: ESCOPETA | J58: 12 GA | K58: MOSSBERG | L58: 500 | M58: U899313 | N58: A 3286632 | O58: 0 | P58: 1 | Q58: =_xlfn.XLOOKUP(H58, 'Anexo A'!$E$1:$E$77, 'Anexo A'!$I$1:$I$77, "", 0) -> 44456
A59: 738 | B59: CALLE 50 No. 531-E x 69 y 71, CENTRO, 97000 MÉRIDA, YUC. | C59: 87. JORGE ALFREDO DAWN MEDINA | D59: DAMJ690611HYNWDR03 | E59: 9 | F59: CALLE 47-C S/N x 2-A y 4 COL. LEANDRO VALLE DE CHICHI DÍAZ, MÉRIDA, YUC. CP 97143 | G59: 9999005153 | H59: jorgedawn@prodigy.net.mx | I59: ESCOPETA | J59: 12 GA | K59: BROWNING | L59: MAXUS | M59: 115ZR07085 | N59: B 40513 | O59: 0 | P59: 1 | Q59: =_xlfn.XLOOKUP(H59, 'Anexo A'!$E$1:$E$77, 'Anexo A'!$I$1:$I$77, "", 0) -> 44456
A60: 738 | B60: CALLE 50 No. 531-E x 69 y 71, CENTRO, 97000 MÉRIDA, YUC. | C60: 87. JORGE ALFREDO DAWN MEDINA | D60: DAMJ690611HYNWDR03 | E60: 9 | F60: CALLE 47-C S/N x 2-A y 4 COL. LEANDRO VALLE DE CHICHI DÍAZ, MÉRIDA, YUC. CP 97143 | G60: 9999005153 | H60: jorgedawn@prodigy.net.mx | I60: PISTOLA | J60: .380" ACP | K60: TANFOGLIO | L60: FT 9 FS SPORT | M60: AA23335 | N60: F 266799 | O60: 1 | P60: 0 | Q60: =_xlfn.XLOOKUP(H60, 'Anexo A'!$E$1:$E$77, 'Anexo A'!$I$1:$I$77, "", 0) -> 44456
A61: 738 | B61: CALLE 50 No. 531-E x 69 y 71, CENTRO, 97000 MÉRIDA, YUC. | C61: 88. SERGIO SANTINELLI GRAJALES | D61: SAGS611114HDFNRR05 | E61: 10 | F61: CALLE KANHA No. 85, YUCATÁN COUNTRY CLUB, MÉRIDA, YUC. C.P. 97308 | G61: 5554388308 | H61: ssg@santinelli.com.mx | I61: RIFLE | J61: .22" L.R. | K61: WINCHESTER | L61: 63 | M61: 149114A | N61: A 3422747 | O61: 0 | P61: 1 | Q61: =_xlfn.XLOOKUP(H61, 'Anexo A'!$E$1:$E$77, 'Anexo A'!$I$1:$I$77, "", 0) -> 40749
A62: 738 | B62: CALLE 50 No. 531-E x 69 y 71, CENTRO, 97000 MÉRIDA, YUC. | C62: 88. SERGIO SANTINELLI GRAJALES | D62: SAGS611114HDFNRR05 | E62: 10 | F62: CALLE KANHA No. 85, YUCATÁN COUNTRY CLUB, MÉRIDA, YUC. C.P. 97308 | G62: 5554388308 | H62: ssg@santinelli.com.mx | I62: RIFLE | J62: .22" L.R. | K62: WINCHESTER | L62: 47 | M62: 700 | N62: A 3422746 | O62: 0 | P62: 1 | Q62: =_xlfn.XLOOKUP(H62, 'Anexo A'!$E$1:$E$77, 'Anexo A'!$I$1:$I$77, "", 0) -> 40749
A63: 738 | B63: CALLE 50 No. 531-E x 69 y 71, CENTRO, 97000 MÉRIDA, YUC. | C63: 88. SERGIO SANTINELLI GRAJALES | D63: SAGS611114HDFNRR05 | E63: 10 | F63: CALLE KANHA No. 85, YUCATÁN COUNTRY CLUB, MÉRIDA, YUC. C.P. 97308 | G63: 5554388308 | H63: ssg@santinelli.com.mx | I63: REVOLVER | J63: .22" L.R. | K63: SMITH & WESSON | L63: 44618 | M63: K114603 | N63: A 3422751 | O63: 1 | P63: 0 | Q63: =_xlfn.XLOOKUP(H63, 'Anexo A'!$E$1:$E$77, 'Anexo A'!$I$1:$I$77, "", 0) -> 40749
A64: 738 | B64: CALLE 50 No. 531-E x 69 y 71, CENTRO, 97000 MÉRIDA, YUC. | C64: 88. SERGIO SANTINELLI GRAJALES | D64: SAGS611114HDFNRR05 | E64: 10 | F64: CALLE KANHA No. 85, YUCATÁN COUNTRY CLUB, MÉRIDA, YUC. C.P. 97308 | G64: 5554388308 | H64: ssg@santinelli.com.mx | I64: REVOLVER | J64: .22" L.R. | K64: SMITH & WESSON | L64: 34-1 | M64: 92995 | N64: A 3422752 | O64: 1 | P64: 0 | Q64: =_xlfn.XLOOKUP(H64, 'Anexo A'!$E$1:$E$77, 'Anexo A'!$I$1:$I$77, "", 0) -> 40749
A65: 738 | B65: CALLE 50 No. 531-E x 69 y 71, CENTRO, 97000 MÉRIDA, YUC. | C65: 88. SERGIO SANTINELLI GRAJALES | D65: SAGS611114HDFNRR05 | E65: 10 | F65: CALLE KANHA No. 85, YUCATÁN COUNTRY CLUB, MÉRIDA, YUC. C.P. 97308 | G65: 5554388308 | H65: ssg@santinelli.com.mx | I65: REVOLVER | J65: .38" SPL. | K65: SMITH & WESSON | L65: SIN | M65: K 94403 | N65: A 3422750 | O65: 1 | P65: 0 | Q65: =_xlfn.XLOOKUP(H65, 'Anexo A'!$E$1:$E$77, 'Anexo A'!$I$1:$I$77, "", 0) -> 40749
A66: 738 | B66: CALLE 50 No. 531-E x 69 y 71, CENTRO, 97000 MÉRIDA, YUC. | C66: 88. SERGIO SANTINELLI GRAJALES | D66: SAGS611114HDFNRR05 | E66: 10 | F66: CALLE KANHA No. 85, YUCATÁN COUNTRY CLUB, MÉRIDA, YUC. C.P. 97308 | G66: 5554388308 | H66: ssg@santinelli.com.mx | I66: PISTOLA | J66: .380" (9mm CORTO) | K66: WALTHER | L66: PPK/S | M66: S099225 | N66: A 3422755 | O66: 1 | P66: 0 | Q66: =_xlfn.XLOOKUP(H66, 'Anexo A'!$E$1:$E$77, 'Anexo A'!$I$1:$I$77, "", 0) -> 40749
A67: 738 | B67: CALLE 50 No. 531-E x 69 y 71, CENTRO, 97000 MÉRIDA, YUC. | C67: 88. SERGIO SANTINELLI GRAJALES | D67: SAGS611114HDFNRR05 | E67: 10 | F67: CALLE KANHA No. 85, YUCATÁN COUNTRY CLUB, MÉRIDA, YUC. C.P. 97308 | G67: 5554388308 | H67: ssg@santinelli.com.mx | I67: PISTOLA | J67: .25" | K67: BERETTA | L67: 950 B | M67: B63320 | N67: A 3422748 | O67: 1 | P67: 0 | Q67: =_xlfn.XLOOKUP(H67, 'Anexo A'!$E$1:$E$77, 'Anexo A'!$I$1:$I$77, "", 0) -> 40749
A68: 738 | B68: CALLE 50 No. 531-E x 69 y 71, CENTRO, 97000 MÉRIDA, YUC. | C68: 88. SERGIO SANTINELLI GRAJALES | D68: SAGS611114HDFNRR05 | E68: 10 | F68: CALLE KANHA No. 85, YUCATÁN COUNTRY CLUB, MÉRIDA, YUC. C.P. 97308 | G68: 5554388308 | H68: ssg@santinelli.com.mx | I68: RIFLE | J68: .308" | K68: ANSCHUTZ | L68: 110 | M68: 67995 | N68: A 3422745 | O68: 0 | P68: 1 | Q68: =_xlfn.XLOOKUP(H68, 'Anexo A'!$E$1:$E$77, 'Anexo A'!$I$1:$I$77, "", 0) -> 40749
A69: 738 | B69: CALLE 50 No. 531-E x 69 y 71, CENTRO, 97000 MÉRIDA, YUC. | C69: 97. CLAUDIO MAURICIO CANAVATI FARAH | D69: CAFC660725HDFNRL03 | E69: 11 | F69: PASEO DE LOS AHUEHUETES No. 874, B NÍSPEROS Y B CASTAÑOS, BOSQUES DE LAS LOMAS, MIGUEL HIDALGO, MÉXICO, D.F. CP 05120 | G69: 5554536965 | H69: cc@secure.mx | I69: RIFLE | J69: 308 WIN | K69: BROWNING | L69: X-BOLT | M69: 52761ZZ354 | N69: A 3392280 | O69: 0 | P69: 1 | Q69: =_xlfn.XLOOKUP(H69, 'Anexo A'!$E$1:$E$77, 'Anexo A'!$I$1:$I$77, "", 0) -> 44453
A70: 738 | B70: CALLE 50 No. 531-E x 69 y 71, CENTRO, 97000 MÉRIDA, YUC. | C70: 97. CLAUDIO MAURICIO CANAVATI FARAH | D70: CAFC660725HDFNRL03 | E70: 11 | F70: PASEO DE LOS AHUEHUETES No. 874, B NÍSPEROS Y B CASTAÑOS, BOSQUES DE LAS LOMAS, MIGUEL HIDALGO, MÉXICO, D.F. CP 05120 | G70: 5554536965 | H70: cc@secure.mx | I70: RIFLE | J70: 0.22" L.R. | K70: ISSC | L70: MK22 | M70: A393550 | N70: A 3392282 | O70: 0 | P70: 1 | Q70: =_xlfn.XLOOKUP(H70, 'Anexo A'!$E$1:$E$77, 'Anexo A'!$I$1:$I$77, "", 0) -> 44453
A71: 738 | B71: CALLE 50 No. 531-E x 69 y 71, CENTRO, 97000 MÉRIDA, YUC. | C71: 97. CLAUDIO MAURICIO CANAVATI FARAH | D71: CAFC660725HDFNRL03 | E71: 11 | F71: PASEO DE LOS AHUEHUETES No. 874, B NÍSPEROS Y B CASTAÑOS, BOSQUES DE LAS LOMAS, MIGUEL HIDALGO, MÉXICO, D.F. CP 05120 | G71: 5554536965 | H71: cc@secure.mx | I71: RIFLE | J71: 30 - 06 | K71: BROWNING | L71: X-BOLT | M71: 52729ZZ354 | N71: A 3392281 | O71: 0 | P71: 1 | Q71: =_xlfn.XLOOKUP(H71, 'Anexo A'!$E$1:$E$77, 'Anexo A'!$I$1:$I$77, "", 0) -> 44453
A72: 738 | B72: CALLE 50 No. 531-E x 69 y 71, CENTRO, 97000 MÉRIDA, YUC. | C72: 97. CLAUDIO MAURICIO CANAVATI FARAH | D72: CAFC660725HDFNRL03 | E72: 11 | F72: PASEO DE LOS AHUEHUETES No. 874, B NÍSPEROS Y B CASTAÑOS, BOSQUES DE LAS LOMAS, MIGUEL HIDALGO, MÉXICO, D.F. CP 05120 | G72: 5554536965 | H72: cc@secure.mx | I72: RIFLE | J72: 300 WIN MAG. | K72: BROWNING | L72: SAFARI | M72: 311ZY02998 | N72: A 3392283 | O72: 0 | P72: 1 | Q72: =_xlfn.XLOOKUP(H72, 'Anexo A'!$E$1:$E$77, 'Anexo A'!$I$1:$I$77, "", 0) -> 44453
A73: 738 | B73: CALLE 50 No. 531-E x 69 y 71, CENTRO, 97000 MÉRIDA, YUC. | C73: 97. CLAUDIO MAURICIO CANAVATI FARAH | D73: CAFC660725HDFNRL03 | E73: 11 | F73: PASEO DE LOS AHUEHUETES No. 874, B NÍSPEROS Y B CASTAÑOS, BOSQUES DE LAS LOMAS, MIGUEL HIDALGO, MÉXICO, D.F. CP 05120 | G73: 5554536965 | H73: cc@secure.mx | I73: RIFLE | J73: 7 MM | K73: REMINGTON | L73: 700 | M73: E6527940 | N73: A 3392284 | O73: 0 | P73: 1 | Q73: =_xlfn.XLOOKUP(H73, 'Anexo A'!$E$1:$E$77, 'Anexo A'!$I$1:$I$77, "", 0) -> 44453
A74: 738 | B74: CALLE 50 No. 531-E x 69 y 71, CENTRO, 97000 MÉRIDA, YUC. | C74: 97. CLAUDIO MAURICIO CANAVATI FARAH | D74: CAFC660725HDFNRL03 | E74: 11 | F74: PASEO DE LOS AHUEHUETES No. 874, B NÍSPEROS Y B CASTAÑOS, BOSQUES DE LAS LOMAS, MIGUEL HIDALGO, MÉXICO, D.F. CP 05120 | G74: 5554536965 | H74: cc@secure.mx | I74: ESCOPETA | J74: 12 GA | K74: BENELLI | L74: VINCI | M74: BG051371D | N74: A 3392279 | O74: 0 | P74: 1 | Q74: =_xlfn.XLOOKUP(H74, 'Anexo A'!$E$1:$E$77, 'Anexo A'!$I$1:$I$77, "", 0) -> 44453
A75: 738 | B75: CALLE 50 No. 531-E x 69 y 71, CENTRO, 97000 MÉRIDA, YUC. | C75: 97. CLAUDIO MAURICIO CANAVATI FARAH | D75: CAFC660725HDFNRL03 | E75: 11 | F75: PASEO DE LOS AHUEHUETES No. 874, B NÍSPEROS Y B CASTAÑOS, BOSQUES DE LAS LOMAS, MIGUEL HIDALGO, MÉXICO, D.F. CP 05120 | G75: 5554536965 | H75: cc@secure.mx | I75: RIFLE | J75: 0.223" REM | K75: CESKA ZBROJOVKA | L75: CZ 527 AMERICAN | M75: A801895 | N75: A 3392278 | O75: 0 | P75: 1 | Q75: =_xlfn.XLOOKUP(H75, 'Anexo A'!$E$1:$E$77, 'Anexo A'!$I$1:$I$77, "", 0) -> 44453
A76: 738 | B76: CALLE 50 No. 531-E x 69 y 71, CENTRO, 97000 MÉRIDA, YUC. | C76: 97. CLAUDIO MAURICIO CANAVATI FARAH | D76: CAFC660725HDFNRL03 | E76: 11 | F76: PASEO DE LOS AHUEHUETES No. 874, B NÍSPEROS Y B CASTAÑOS, BOSQUES DE LAS LOMAS, MIGUEL HIDALGO, MÉXICO, D.F. CP 05120 | G76: 5554536965 | H76: cc@secure.mx | I76: PISTOLA | J76: .22" | K76: ROCK ISLAND | L76: M1911 A2 FS-MM | M76: TCM03978 | N76: A3469213 | O76: 1 | P76: 0 | Q76: =_xlfn.XLOOKUP(H76, 'Anexo A'!$E$1:$E$77, 'Anexo A'!$I$1:$I$77, "", 0) -> 44453
A77: 738 | B77: CALLE 50 No. 531-E x 69 y 71, CENTRO, 97000 MÉRIDA, YUC. | C77: 99. ALEJANDRO FRANCISCO RIVAS PINTADO | D77: RIPA800807HYNVNL07 | E77: 12 | F77: CALLE 42 No. 194-A x 35 y 37, CENTRO, VALLADOLID, YUC. CP 97780 | G77: 9997720959 | H77: al3xrivas@gmail.com | I77: RIFLE | J77: 0.223" REM | K77: BENELLI | L77: MR1 | M77: BC008976Z | N77: A 3420732 | O77: 0 | P77: 1 | Q77: =_xlfn.XLOOKUP(H77, 'Anexo A'!$E$1:$E$77, 'Anexo A'!$I$1:$I$77, "", 0) -> 44453
A78: 738 | B78: CALLE 50 No. 531-E x 69 y 71, CENTRO, 97000 MÉRIDA, YUC. | C78: 99. ALEJANDRO FRANCISCO RIVAS PINTADO | D78: RIPA800807HYNVNL07 | E78: 12 | F78: CALLE 42 No. 194-A x 35 y 37, CENTRO, VALLADOLID, YUC. CP 97780 | G78: 9997720959 | H78: al3xrivas@gmail.com | I78: PISTOLA | J78: .380" AUTO | K78: CESKA ZBROJOVKA | L78: CZ P07 | M78: C126830 | N78: B 540624 | O78: 1 | P78: 0 | Q78: =_xlfn.XLOOKUP(H78, 'Anexo A'!$E$1:$E$77, 'Anexo A'!$I$1:$I$77, "", 0) -> 44453
A79: 738 | B79: CALLE 50 No. 531-E x 69 y 71, CENTRO, 97000 MÉRIDA, YUC. | C79: 99. ALEJANDRO FRANCISCO RIVAS PINTADO | D79: RIPA800807HYNVNL07 | E79: 12 | F79: CALLE 42 No. 194-A x 35 y 37, CENTRO, VALLADOLID, YUC. CP 97780 | G79: 9997720959 | H79: al3xrivas@gmail.com | I79: RIFLE | J79: 30 - 06" | K79: STEYR | L79: SIN | M79: B 4217 | N79: A 3061846 | O79: 0 | P79: 1 | Q79: =_xlfn.XLOOKUP(H79, 'Anexo A'!$E$1:$E$77, 'Anexo A'!$I$1:$I$77, "", 0) -> 44453
A80: 738 | B80: CALLE 50 No. 531-E x 69 y 71, CENTRO, 97000 MÉRIDA, YUC. | C80: 99. ALEJANDRO FRANCISCO RIVAS PINTADO | D80: RIPA800807HYNVNL07 | E80: 12 | F80: CALLE 42 No. 194-A x 35 y 37, CENTRO, VALLADOLID, YUC. CP 97780 | G80: 9997720959 | H80: al3xrivas@gmail.com | I80: PISTOLA | J80: .380" AUTO | K80: SIG SAUER | L80: P365 | M80: 66FS277755 | N80: B 540624 | O80: 1 | P80: 0 | Q80: =_xlfn.XLOOKUP(H80, 'Anexo A'!$E$1:$E$77, 'Anexo A'!$I$1:$I$77, "", 0) -> 44453
A81: 738 | B81: CALLE 50 No. 531-E x 69 y 71, CENTRO, 97000 MÉRIDA, YUC. | C81: 102. JOSE VICENTE TRUJILLO LUCIC | D81: TULV760925HYNRCC04 | E81: 13 | F81: CALLE 32 NÚM. 232 B x 37 y 45 DIAGONAL, COLONIA SANTA RITA CHOLUL CP 97130 | G81: 9999600269 | H81: jvtl@hotmail.com | I81: RIFLE | J81: 0.22" L.R. | K81: COLT | L81: M4 | M81: BP015743 | N81: A 3286352 | O81: 0 | P81: 1 | Q81: =_xlfn.XLOOKUP(H81, 'Anexo A'!$E$1:$E$77, 'Anexo A'!$I$1:$I$77, "", 0) -> 41079
A82: 738 | B82: CALLE 50 No. 531-E x 69 y 71, CENTRO, 97000 MÉRIDA, YUC. | C82: 102. JOSE VICENTE TRUJILLO LUCIC | D82: TULV760925HYNRCC04 | E82: 13 | F82: CALLE 32 NÚM. 232 B x 37 y 45 DIAGONAL, COLONIA SANTA RITA CHOLUL CP 97130 | G82: 9999600269 | H82: jvtl@hotmail.com | I82: RIFLE | J82: 0.223" | K82: BENELLI | L82: MR1 | M82: BC008693N | N82: A 3286354 | O82: 0 | P82: 1 | Q82: =_xlfn.XLOOKUP(H82, 'Anexo A'!$E$1:$E$77, 'Anexo A'!$I$1:$I$77, "", 0) -> 41079
A83: 738 | B83: CALLE 50 No. 531-E x 69 y 71, CENTRO, 97000 MÉRIDA, YUC. | C83: 102. JOSE VICENTE TRUJILLO LUCIC | D83: TULV760925HYNRCC04 | E83: 13 | F83: CALLE 32 NÚM. 232 B x 37 y 45 DIAGONAL, COLONIA SANTA RITA CHOLUL CP 97130 | G83: 9999600269 | H83: jvtl@hotmail.com | I83: PISTOLA | J83: 0.380" | K83: GLOCK | L83: 25 | M83: RBW348 | N83: A 3286353 | O83: 1 | P83: 0 | Q83: =_xlfn.XLOOKUP(H83, 'Anexo A'!$E$1:$E$77, 'Anexo A'!$I$1:$I$77, "", 0) -> 41079
A84: 738 | B84: CALLE 50 No. 531-E x 69 y 71, CENTRO, 97000 MÉRIDA, YUC. | C84: 103. EDGAR EDILBERTO MONFORTE ESCOBEDO | D84: MOEE870627HYNNSD04 | E84: 14 | F84: CALLE 35 No. 331 x 18 y 20, COL. PEDREGALES DE TANLUM, MÉRIDA, YUC. CP 97210 | G84: 9993349575 | H84: monfo87_@hotmail.com | I84: ESCOPETA | J84: 20 GA | K84: ATA ARMS | L84: CY | M84: 15/D51877 | N84: A 3419293 | O84: 0 | P84: 1 | Q84: =_xlfn.XLOOKUP(H84, 'Anexo A'!$E$1:$E$77, 'Anexo A'!$I$1:$I$77, "", 0) -> 41106
A85: 738 | B85: CALLE 50 No. 531-E x 69 y 71, CENTRO, 97000 MÉRIDA, YUC. | C85: 103. EDGAR EDILBERTO MONFORTE ESCOBEDO | D85: MOEE870627HYNNSD04 | E85: 14 | F85: CALLE 35 No. 331 x 18 y 20, COL. PEDREGALES DE TANLUM, MÉRIDA, YUC. CP 97210 | G85: 9993349575 | H85: monfo87_@hotmail.com | I85: ESCOPETA | J85: 12 | K85: MOSSBERG | L85: 930 | M85: AF042162 | N85: B 317832 | O85: 0 | P85: 1 | Q85: =_xlfn.XLOOKUP(H85, 'Anexo A'!$E$1:$E$77, 'Anexo A'!$I$1:$I$77, "", 0) -> 41106
A86: 738 | B86: CALLE 50 No. 531-E x 69 y 71, CENTRO, 97000 MÉRIDA, YUC. | C86: 103. EDGAR EDILBERTO MONFORTE ESCOBEDO | D86: MOEE870627HYNNSD04 | E86: 14 | F86: CALLE 35 No. 331 x 18 y 20, COL. PEDREGALES DE TANLUM, MÉRIDA, YUC. CP 97210 | G86: 9993349575 | H86: monfo87_@hotmail.com | I86: ESCOPETA | J86: 12 G.A. | K86: BERETTA | L86: 682 GOLD E | M86: U96686 B | N86: B 405118 | O86: 0 | P86: 1 | Q86: =_xlfn.XLOOKUP(H86, 'Anexo A'!$E$1:$E$77, 'Anexo A'!$I$1:$I$77, "", 0) -> 41106
A87: 738 | B87: CALLE 50 No. 531-E x 69 y 71, CENTRO, 97000 MÉRIDA, YUC. | C87: 103. EDGAR EDILBERTO MONFORTE ESCOBEDO | D87: MOEE870627HYNNSD04 | E87: 14 | F87: CALLE 35 No. 331 x 18 y 20, COL. PEDREGALES DE TANLUM, MÉRIDA, YUC. CP 97210 | G87: 9993349575 | H87: monfo87_@hotmail.com | I87: ESCOPETA | J87: 12 GA | K87: BERETTA | L87: 692 SPORTING | M87: SX22338A | N87: B 404590 | O87: 0 | P87: 1 | Q87: =_xlfn.XLOOKUP(H87, 'Anexo A'!$E$1:$E$77, 'Anexo A'!$I$1:$I$77, "", 0) -> 41106
A88: 738 | B88: CALLE 50 No. 531-E x 69 y 71, CENTRO, 97000 MÉRIDA, YUC. | C88: 103. EDGAR EDILBERTO MONFORTE ESCOBEDO | D88: MOEE870627HYNNSD04 | E88: 14 | F88: CALLE 35 No. 331 x 18 y 20, COL. PEDREGALES DE TANLUM, MÉRIDA, YUC. CP 97210 | G88: 9993349575 | H88: monfo87_@hotmail.com | I88: ESCOPETA | J88: 12 GA | K88: BERETTA | L88: 692 | M88: SX23078A | N88: B 612874 | O88: 0 | P88: 1 | Q88: =_xlfn.XLOOKUP(H88, 'Anexo A'!$E$1:$E$77, 'Anexo A'!$I$1:$I$77, "", 0) -> 41106
A89: 738 | B89: CALLE 50 No. 531-E x 69 y 71, CENTRO, 97000 MÉRIDA, YUC. | C89: 107. JUAN CARLOS BRICEÑO GONZALEZ | D89: BIGJ760724HYNRNN06 | E89: 15 | F89: CALLE 17-A No. 389 x 16-A y 16-B, FRACC. PARAÍSO MAYA, MÉRIDA, YUC. CP 97134 | G89: 9991637860 | H89: jcb197624@hotmail.com | I89: PISTOLA | J89: .380" | K89: PIETRO BERETTA | L89: 84FS CHEETAH | M89: H40142Y | N89: A 3061726 | O89: 1 | P89: 0 | Q89: =_xlfn.XLOOKUP(H89, 'Anexo A'!$E$1:$E$77, 'Anexo A'!$I$1:$I$77, "", 0) -> 41132
A90: 738 | B90: CALLE 50 No. 531-E x 69 y 71, CENTRO, 97000 MÉRIDA, YUC. | C90: 107. JUAN CARLOS BRICEÑO GONZALEZ | D90: BIGJ760724HYNRNN06 | E90: 15 | F90: CALLE 17-A No. 389 x 16-A y 16-B, FRACC. PARAÍSO MAYA, MÉRIDA, YUC. CP 97134 | G90: 9991637860 | H90: jcb197624@hotmail.com | I90: PISTOLA | J90: 0.380" | K90: GLOCK | L90: 25 | M90: ADW714 | N90: B 318096 | O90: 1 | P90: 0 | Q90: =_xlfn.XLOOKUP(H90, 'Anexo A'!$E$1:$E$77, 'Anexo A'!$I$1:$I$77, "", 0) -> 41132
A91: 738 | B91: CALLE 50 No. 531-E x 69 y 71, CENTRO, 97000 MÉRIDA, YUC. | C91: 107. JUAN CARLOS BRICEÑO GONZALEZ | D91: BIGJ760724HYNRNN06 | E91: 15 | F91: CALLE 17-A No. 389 x 16-A y 16-B, FRACC. PARAÍSO MAYA, MÉRIDA, YUC. CP 97134 | G91: 9991637860 | H91: jcb197624@hotmail.com | I91: PISTOLA | J91: 0.380" | K91: GLOCK | L91: 25 | M91: UDV886 | N91: B 347213 | O91: 1 | P91: 0 | Q91: =_xlfn.XLOOKUP(H91, 'Anexo A'!$E$1:$E$77, 'Anexo A'!$I$1:$I$77, "", 0) -> 41132
A92: 738 | B92: CALLE 50 No. 531-E x 69 y 71, CENTRO, 97000 MÉRIDA, YUC. | C92: 107. JUAN CARLOS BRICEÑO GONZALEZ | D92: BIGJ760724HYNRNN06 | E92: 15 | F92: CALLE 17-A No. 389 x 16-A y 16-B, FRACC. PARAÍSO MAYA, MÉRIDA, YUC. CP 97134 | G92: 9991637860 | H92: jcb197624@hotmail.com | I92: RIFLE | J92: 0.22" L.R. | K92: REMINGTON | L92: 597 | M92: C2707149 | N92: B 317957 | O92: 0 | P92: 1 | Q92: =_xlfn.XLOOKUP(H92, 'Anexo A'!$E$1:$E$77, 'Anexo A'!$I$1:$I$77, "", 0) -> 41132
A93: 738 | B93: CALLE 50 No. 531-E x 69 y 71, CENTRO, 97000 MÉRIDA, YUC. | C93: 113. CARLOS ANTONIO GRANJA PEREZ | D93: GAPC790619HYNRRR09 | E93: 16 | F93: CALLE 35 No. 36 x 12 y 14, FRACC. COLONIAL CHUBURNA, MÉRIDA, YUC. CP 97215 | G93: 9999431556 | H93: carlosgranja@gmail.com | I93: ESCOPETA | J93: 12 | K93: BROWNING | L93: A5 | M93: 116ZY13469 | N93: A 3285631 | O93: 0 | P93: 1 | Q93: =_xlfn.XLOOKUP(H93, 'Anexo A'!$E$1:$E$77, 'Anexo A'!$I$1:$I$77, "", 0) -> 41178
A94: 738 | B94: CALLE 50 No. 531-E x 69 y 71, CENTRO, 97000 MÉRIDA, YUC. | C94: 113. CARLOS ANTONIO GRANJA PEREZ | D94: GAPC790619HYNRRR09 | E94: 16 | F94: CALLE 35 No. 36 x 12 y 14, FRACC. COLONIAL CHUBURNA, MÉRIDA, YUC. CP 97215 | G94: 9999431556 | H94: carlosgranja@gmail.com | I94: ESCOPETA | J94: 12 GA | K94: MAVERICK | L94: EAGLE PASS TX. | M94: MV34962A | N94: A 3061736 | O94: 0 | P94: 1 | Q94: =_xlfn.XLOOKUP(H94, 'Anexo A'!$E$1:$E$77, 'Anexo A'!$I$1:$I$77, "", 0) -> 41178
A95: 738 | B95: CALLE 50 No. 531-E x 69 y 71, CENTRO, 97000 MÉRIDA, YUC. | C95: 113. CARLOS ANTONIO GRANJA PEREZ | D95: GAPC790619HYNRRR09 | E95: 16 | F95: CALLE 35 No. 36 x 12 y 14, FRACC. COLONIAL CHUBURNA, MÉRIDA, YUC. CP 97215 | G95: 9999431556 | H95: carlosgranja@gmail.com | I95: RIFLE | J95: 0.22" | K95: STEVENS | L95: 987 | M95: 0783921 | N95: A 3061737 | O95: 0 | P95: 1 | Q95: =_xlfn.XLOOKUP(H95, 'Anexo A'!$E$1:$E$77, 'Anexo A'!$I$1:$I$77, "", 0) -> 41178
... A102: 738 | B102: CALLE 50 No. 531-E x 69 y 71, CENTRO, 97000 MÉRIDA, YUC. | C102: 113. CARLOS ANTONIO GRANJA PEREZ | D102: GAPC790619HYNRRR09 | E102: 16 | F102: CALLE 35 No. 36 x 12 y 14, FRACC. COLONIAL CHUBURNA, MÉRIDA, YUC. CP 97215 | G102: 9999431556 | H102: carlosgranja@gmail.com | I102: ESCOPETA RIFLE | J102: .410" y 0.22" | K102: SAVAGE | L102: SIN | M102: 24J-DL | N102: A 3279302 | O102: 0 | P102: 1 | Q102: =_xlfn.XLOOKUP(H102, 'Anexo A'!$E$1:$E$77, 'Anexo A'!$I$1:$I$77, "", 0) -> 41178
A103: 738 | B103: CALLE 50 No. 531-E x 69 y 71, CENTRO, 97000 MÉRIDA, YUC. | C103: 115. ROBERTO JOSE MADAHUAR BOEHM | D103: MABR671122HYNDHB07 | E103: 17 | F103: CALLE 41 No. 199 x 18, FRACC. MONTERREAL, MÉRIDA, YUC. CP 97133 | G103: 9999473478 | H103: madahuar@cotexsa.com.mx | I103: ESCOPETA | J103: 20 | K103: BENELLI | L103: M2 | M103: N143004W | N103: A 3285622 | O103: 0 | P103: 1 | Q103: =_xlfn.XLOOKUP(H103, 'Anexo A'!$E$1:$E$77, 'Anexo A'!$I$1:$I$77, "", 0) -> 41213
A104: 738 | B104: CALLE 50 No. 531-E x 69 y 71, CENTRO, 97000 MÉRIDA, YUC. | C104: 115. ROBERTO JOSE MADAHUAR BOEHM | D104: MABR671122HYNDHB07 | E104: 17 | F104: CALLE 41 No. 199 x 18, FRACC. MONTERREAL, MÉRIDA, YUC. CP 97133 | G104: 9999473478 | H104: madahuar@cotexsa.com.mx | I104: ESCOPETA | J104: 12 | K104: BENELLI | L104: VINCI | M104: BGO45573P | N104: A 3285623 | O104: 0 | P104: 1 | Q104: =_xlfn.XLOOKUP(H104, 'Anexo A'!$E$1:$E$77, 'Anexo A'!$I$1:$I$77, "", 0) -> 41213
A105: 738 | B105: CALLE 50 No. 531-E x 69 y 71, CENTRO, 97000 MÉRIDA, YUC. | C105: 123. HUGO MARTINEZ HERNANDEZ | D105: MAHH810329HYNRRG09 | E105: 18 | F105: CALLE 18 S/N, COL. SAN ANTONIO, HECELCHAKÁN, CAMP. CP 24800 | G105: 9961006288 | H105: humh4@hotmail.com | I105: ESCOPETA | J105: 16 | K105: SIN | L105: SIN | M105: OZdU44 | N105: A 3202184 | O105: 0 | P105: 1 | Q105: =_xlfn.XLOOKUP(H105, 'Anexo A'!$E$1:$E$77, 'Anexo A'!$I$1:$I$77, "", 0) -> 41459
A106: 738 | B106: CALLE 50 No. 531-E x 69 y 71, CENTRO, 97000 MÉRIDA, YUC. | C106: 123. HUGO MARTINEZ HERNANDEZ | D106: MAHH810329HYNRRG09 | E106: 18 | F106: CALLE 18 S/N, COL. SAN ANTONIO, HECELCHAKÁN, CAMP. CP 24800 | G106: 9961006288 | H106: humh4@hotmail.com | I106: RIFLE | J106: 30 06 | K106: F.N. ACTION | L106: R01050 | M106: 36681 | N106: B 516103 | O106: 0 | P106: 1 | Q106: =_xlfn.XLOOKUP(H106, 'Anexo A'!$E$1:$E$77, 'Anexo A'!$I$1:$I$77, "", 0) -> 41459
A107: 738 | B107: CALLE 50 No. 531-E x 69 y 71, CENTRO, 97000 MÉRIDA, YUC. | C107: 123. HUGO MARTINEZ HERNANDEZ | D107: MAHH810329HYNRRG09 | E107: 18 | F107: CALLE 18 S/N, COL. SAN ANTONIO, HECELCHAKÁN, CAMP. CP 24800 | G107: 9961006288 | H107: humh4@hotmail.com | I107: ESCOPETA | J107: 12 | K107: PIETRO BERETTA | L107: S 55 | M107: B 44702 | N107: A 3287049 | O107: 0 | P107: 1 | Q107: =_xlfn.XLOOKUP(H107, 'Anexo A'!$E$1:$E$77, 'Anexo A'!$I$1:$I$77, "", 0) -> 41459
A108: 738 | B108: CALLE 50 No. 531-E x 69 y 71, CENTRO, 97000 MÉRIDA, YUC. | C108: 123. HUGO MARTINEZ HERNANDEZ | D108: MAHH810329HYNRRG09 | E108: 18 | F108: CALLE 18 S/N, COL. SAN ANTONIO, HECELCHAKÁN, CAMP. CP 24800 | G108: 9961006288 | H108: humh4@hotmail.com | I108: RIFLE | J108: .270" WIN | K108: SAKO | L108: 85M | M108: L89599 | N108: F 315411 | O108: 0 | P108: 1 | Q108: =_xlfn.XLOOKUP(H108, 'Anexo A'!$E$1:$E$77, 'Anexo A'!$I$1:$I$77, "", 0) -> 41459
A109: 738 | B109: CALLE 50 No. 531-E x 69 y 71, CENTRO, 97000 MÉRIDA, YUC. | C109: 137. JOSE HIPOLITO BARRERA AKE | D109: BAAH530514HCCRKP07 | E109: 19 | F109: C. BENJAMIN ROMERO No. 64, U. HAB. CIUDAD CONCORDIA, CAMPECHE, CAMP. CP 24085 | G109: 9818296516 | H109: josebadz@outlook.com | I109: ESCOPETA | J109: 12 | K109: MOSSBERG | L109: 500 | M109: T700656 | N109: A 3378577 | O109: 0 | P109: 1 | Q109: =_xlfn.XLOOKUP(H109, 'Anexo A'!$E$1:$E$77, 'Anexo A'!$I$1:$I$77, "", 0) -> 41874
A110: 738 | B110: CALLE 50 No. 531-E x 69 y 71, CENTRO, 97000 MÉRIDA, YUC. | C110: 137. JOSE HIPOLITO BARRERA AKE | D110: BAAH530514HCCRKP07 | E110: 19 | F110: C. BENJAMIN ROMERO No. 64, U. HAB. CIUDAD CONCORDIA, CAMPECHE, CAMP. CP 24085 | G110: 9818296516 | H110: josebadz@outlook.com | I110: RIFLE | J110: 0.22" L.R. | K110: MENDOZA | L110: PUMA | M110: 7804 | N110: B 316923 | O110: 0 | P110: 1 | Q110: =_xlfn.XLOOKUP(H110, 'Anexo A'!$E$1:$E$77, 'Anexo A'!$I$1:$I$77, "", 0) -> 41874
A111: 738 | B111: CALLE 50 No. 531-E x 69 y 71, CENTRO, 97000 MÉRIDA, YUC. | C111: 137. JOSE HIPOLITO BARRERA AKE | D111: BAAH530514HCCRKP07 | E111: 19 | F111: C. BENJAMIN ROMERO No. 64, U. HAB. CIUDAD CONCORDIA, CAMPECHE, CAMP. CP 24085 | G111: 9818296516 | H111: josebadz@outlook.com | I111: ESCOPETA | J111: 20 GA | K111: MOSSBERG | L111: 500 | M111: U951313 | N111: B 316922 | O111: 0 | P111: 1 | Q111: =_xlfn.XLOOKUP(H111, 'Anexo A'!$E$1:$E$77, 'Anexo A'!$I$1:$I$77, "", 0) -> 41874
A112: 738 | B112: CALLE 50 No. 531-E x 69 y 71, CENTRO, 97000 MÉRIDA, YUC. | C112: 137. JOSE HIPOLITO BARRERA AKE | D112: BAAH530514HCCRKP07 | E112: 19 | F112: C. BENJAMIN ROMERO No. 64, U. HAB. CIUDAD CONCORDIA, CAMPECHE, CAMP. CP 24085 | G112: 9818296516 | H112: josebadz@outlook.com | I112: RIFLE | J112: 308 WIN | K112: MOSSBERG | L112: 4X4 | M112: BA375043 | N112: B 316921 | O112: 0 | P112: 1 | Q112: =_xlfn.XLOOKUP(H112, 'Anexo A'!$E$1:$E$77, 'Anexo A'!$I$1:$I$77, "", 0) -> 41874
...

Sheet Anexo A
A1: No. DE REGISTRO | B1: NOMBRE SOCIO | C1: CURP | D1: TELEFONO | E1: EMAIL | F1: No. DE SOCIO | G1: ARMAS CORTAS | H1: ARMAS LARGAS | I1: FECHA ALTA
A2: 738 | B2: RICARDO JESUS FERNANDEZ Y GASQUE | C2: FEGR350218HYNRSC04 | D2: 9999470480 | E2: richfegas@icloud.com | F2: 1 | G2: 3 | H2: 1 | I2: 39288
A3: 738 | B3: JOSE JACINTO LIZARRAGA AVILA | C3: LIZJ750609HYNZVC08 | D3: 9991336764 | E3: jacintolizarraga@hotmail.com | F3: 30 | G3: 3 | H3: 2 | I3: 44470
A4: 738 | B4: ADOLFO XACUR RIVERA | C4: XARA661008HYNCVD08 | D4: 9992442613 | E4: fit.x66@hotmail.com | F4: 31 | G4: 4 | H4: 4 | I4: 39822
A5: 738 | B5: REMIGIO BEETHOVEN AGUILAR CANTO | C5: AUCR770225HYNGNM08 | D5: 9999238686 | E5: sysaventas@hotmail.com | F5: 46 | G5: 0 | H5: 10 | I5: 44379
A6: 738 | B6: MANUEL JESUS CHAIDEZ PALACIOS | C6: CAPM841222HSLHLN09 | D6: 9992771732 | E6: manuel.chaidez@valledelsur.com.mx | F6: 51 | G6: 0 | H6: 5 | I6: 40065
A7: 738 | B7: PAULINO EDILBERTO MONFORTE TRAVA | C7: MOTP610622HYNNRL09 | D7: 9999810995 | E7: talleresmonforte@hotmail.com | F7: 53 | G7: 0 | H7: 7 | I7: 40148
A8: 738 | B8: RIGOMAR HINOJOSA SHIELDS | C8: HISR591125HCCNHG06 | D8: 9381200721 | E8: recosadecv@prodigy.net.mx | F8: 70 | G8: 5 | H8: 5 | I8: 40452
A9: 738 | B9: JUAN CARLOS JORDAN LOPEZ | C9: JOLJ720624HYNRPN04 | D9: 9999258499 | E9: jordan910@hotmail.com | F9: 74 | G9: 0 | H9: 4 | I9: 40631
A10: 738 | B10: JORGE ALFREDO DAWN MEDINA | C10: DAMJ690611HYNWDR03 | D10: 9999005153 | E10: jorgedawn@prodigy.net.mx | F10: 87 | G10: 1 | H10: 5 | I10: 44456
A11: 738 | B11: SERGIO SANTINELLI GRAJALES | C11: SAGS611114HDFNRR05 | D11: 5554388308 | E11: ssg@santinelli.com.mx | F11: 88 | G11: 5 | H11: 3 | I11: 40749
A12: 738 | B12: CLAUDIO MAURICIO CANAVATI FARAH | C12: CAFC660725HDFNRL03 | D12: 5554536965 | E12: cc@secure.mx | F12: 97 | G12: 1 | H12: 7 | I12: 44453
A13: 738 | B13: ALEJANDRO FRANCISCO RIVAS PINTADO | C13: RIPA800807HYNVNL07 | D13: 9997720959 | E13: al3xrivas@gmail.com | F13: 99 | G13: 2 | H13: 2 | I13: 44453
... A65: 738 | B65: JESUS ALEJANDRO PUC SOSA | C65: PUSJ000131HYNCSSA4 | D65: 9993778311 | E65: alejandro18sosa@gmail.com | F65: 223 | G65: 0 | H65: 0 | I65: 45642
A66: 738 | B66: JOSE GIL HEREDIA HAGAR | C66: HEHG860310HYNRGL05 | D66: 999 900 1366 | E66: jgheredia@hotmail.com | F66: 224 | G66: 6 | H66: 1 | I66: 45642
A67: 738 | B67: SANTIAGO ALEJANDRO QUINTAL PARDES | C67: QUPS901102HYNNRN04 | D67: 9995759542 | E67: squintal158@gmail.com | F67: 225 | G67: 1 | H67: 2 | I67: 45717
A68: 738 | B68: ARIEL BALTAZAR CÓRDOBA WILSON | C68: COWA700106TSRLR00 | D68: 9994912883 | E68: atietzbabam@gmail.com | F68: 226 | G68: 3 | H68: 4 | I68: 45747
A69: 738 | B69: KRISZTIAN GOR | C69: GOXK740906HNERXR09 | D69: 13213470270 | E69: ttok09136@gmail.com | F69: 227 | G69: 0 | H69: 0 | I69: 45730
A70: 738 | B70: FABIAN MARQUEZ ORTEGA | C70: MAOF620504HDFRRB06 | D70: 9993772793 | E70: fabian.sievers3548@gmail.com | F70: 228 | G70: 2 | H70: 1 | I70: 45777
A71: 738 | B71: DANIEL DE JESUS PADILLA ROBLES | C71: PARD850710HCCDBN05 | D71: 9991650849 | E71: padilla_079@hotmail.com | F71: 229 | G71: 4 | H71: 2 | I71: 45808
A72: 738 | B72: RICARDO ANTONIO SOBERANIS GAMBOA | C72: SOGR701015HYNBMC04 | D72: 9993437376 | E72: rsoberanis11@hotmail.com | F72: 230 | G72: 1 | H72: 2 | I72: 45808
A73: 738 | B73: RAÚL CERVANTES CEBALLOS | C73: CECR890104HYNRBL02 | D73: 9993382222 | E73: rcervantes@live.com.mx | F73: 231 | G73: 0 | H73: 0 | I73: 45835
A74: 738 | B74: RICARDO DANIEL FERNÁNDEZ PÉREZ | C74: FEPR920403HYNRRC06 | D74: 999 163 9981 | E74: richfer0304@gmail.com | F74: 232 | G74: 0 | H74: 0 | I74: 45864
A75: 738 | B75: RICARDO MANUEL FERNÁNDEZ QUIJANO | C75: FEQR591020HCCRJC07 | D75: 999 947 3043 | E75: richfer1020@gmail.com | F75: 233 | G75: 1 | H75: 0 | I75: 45864
A76: 738 | B76: YAEL ROMERO DE DIOS | C76: RODY940625HYNMSL01 | D76: 999 528 7779 | E76: licyaelromero@gmail.com | F76: 234 | G76: 0 | H76: 0 | I76: 45899
A77: 738 | B77: AIMEE GOMEZ MENDOZA | C77: GOMA940118MVZMNM00 | D77: 999 730 0081 | E77: aimeegomez615@gmail.com | F77: 235 | G77: 0 | H77: 0 | I77: 46006
